msg_time,driver_code,driver_name,speaker,is_audio_only,text,gp,suspect
14:53,BEA,Bearman,driver,True,AUDIO ONLY,Australian,False
14:53,PIA,Piastri,driver,True,AUDIO ONLY,Australian,False
15:05,RUS,Russell,engineer,False,"Well, it's 2 % shallow. It was a throttle pedal you backed up at a high RPM.",Australian,False
15:11,VER,Verstappen,driver,False,"Also again, the dumping failed for sure. Spasiboodee!",Australian,False
15:16,NOR,Norris,engineer,False,How's the tyres? How's the pulse? 30 already. Much faster than the GTTS.,Australian,False
15:17,PIA,Piastri,engineer,False,"How's the tide? Currently we are thinking plan A, target level. I feel good.",Australian,False
15:18,VER,Verstappen,driver,False,"Please do something about this shit, and don't tell me it's me 15 later. Absolutely.",Australian,False
15:18,HAM,Hamilton,driver,False,Actually pretty slow,Australian,False
15:26,VER,Verstappen,engineer,False,"Well, that was quite special, I don't want to blame it up once again moving on the breaking I mean sorry section, but it's not right",Australian,False
15:39,PIA,Piastri,engineer,False,"We're aiming at planet A, target that. How's the time? Oh, it doesn't feel great.",Australian,False
15:40,LEC,Leclerc,driver,False,"Well, it's quite a bit of time",Australian,False
15:45,NOR,Norris,engineer,False,"Okay mate, let's get back in the rhythm, know what you've been trying to do, can we see it? Back in the rhythm please.",Australian,False
15:48,NOR,Norris,engineer,False,"Hamilton's got me stuck behind the jar, and they thought it'd be a cool exit for us to... I need to get fast, come on, let's do something, please. I know, mate. I know. Staff is gonna close in. I want boxes left.",Australian,False
15:49,NOR,Norris,driver,False,You mean you won't let me? I'm Biles' master.,Australian,False
15:50,NOR,Norris,driver,False,I'll pull out a 10 -6 if it works on this one.,Australian,False
15:53,HAM,Hamilton,driver,False,I'm gonna be in trouble in the districts. Now we are fighting for the position with Max then we manage the ties,Australian,False
15:57,PIA,Piastri,driver,False,"Hey, don't you guys f***ing think we're lost?",Australian,False
15:58,PIA,Piastri,driver,False,"Get out of the f***ing way, you idiots! Oh my god.",Australian,False
16:01,PIA,Piastri,engineer,False,"After that sight that's crossed us, that target is to get to the end on this tyre. Oh mate, it's better you don't **** me now. Nice of you guys to affect the other one here by the way, thanks.",Australian,False
16:04,NOR,Norris,engineer,False,"We're catching ants early night and quickly, that's just been measured when we get there.",Australian,False
16:12,ANT,Antonelli,engineer,False,"Again, a little bit of security, just keep the 3, turn 7, get tight again.",Australian,False
16:13,LEC,Leclerc,driver,False,"Can you notice me before there's something that feels off the ground? Copy. Looks like overheating, if you can get back into the rhythm, should help. I'm in rhythm.",Australian,False
16:14,VER,Verstappen,engineer,False,This is good Max. You got it. You might have some fun towards the end.,Australian,False
16:19,ANT,Antonelli,driver,False,"But can't we go until yet? We don't think we have the tire light so press hold boost, press hold boost",Australian,False
16:19,NOR,Norris,engineer,False,"Vlade, you're clearly the fastest car and have nothing to prove, so the snaps of 4 and 8, no more.",Australian,False
16:21,ANT,Antonelli,driver,False,"Wind pollution out of wind. So probably P6 potential, but P2 here Kimmy, we've got a big offset on tyres.",Australian,False
16:25,ANT,Antonelli,engineer,False,"But I think I was ahead yeah, we're just talking through we think we were",Australian,False
16:38,NOR,Norris,engineer,False,No exit curve. That may be what happened to Oscar's car.,Australian,False
16:40,HAM,Hamilton,engineer,False,And we got five second penalty for speeding into the pit lane. I handed out penalties like crazy.,Australian,False
16:43,NOR,Norris,driver,False,"Well done, mate. Well done. Beautiful! The car was unbelievable today. Well done, guys. Incredible. Flying, thank you so much for the car. Nice to finally be able to do it all for you again. Feels like it's been a while. Congrats, very well deserved. Hard work pays off. Just keep it going. Thank you very much. I love you all.",Australian,False
16:45,VER,Verstappen,engineer,False,"That is an excellent drive Max, really, really, really spot on. I'd like to be a C -Sprog to your showpiece finale, but nonetheless, I'm going to be proud of that final sit. That's a great move there as well, so fantastic job. Yeah, we had a second today in some way or another. Great job. Well, it's been quite a lot out there, so...",Australian,False
16:47,NOR,Norris,driver,False,"And Lando, Barnsey put it on your piece of tape. One who's laughing. I only did it for him. Thanks Barnsey for everything. Beautiful career. I did it on a high. Thank you very much for everything.",Australian,True
16:48,COL,Colapinto,driver,False,"Choking pace, oh so slow",Australian,False
16:48,OCO,Ocon,engineer,False,"Thank you Laura. Yeah, positive weekend, it's a lot of good stuff, even if the race was very difficult, not as good as we would have liked, it's take the positive for you guys and we'll come back stronger after the break.",Australian,False
16:49,LAW,Lawson,driver,False,"It was pretty tough, good, really good job. Very good call on the strategy as well. Had me doubting it in the car, but very, very good job. Thank you. Car was so good. We wanted to keep you active, you know? We didn't want you to fall asleep. I literally said I don't want to overtake cars at the end of the race, and that's what you had me do. But you see, you could do it.",Australian,False
16:50,ANT,Antonelli,engineer,False,"Nice work Kimi. P3 buff, not a bad day. That was tough. Yeah, copy that, you earned your money today mate. Thanks everyone. It was a damage limitation after yesterday. So thank you everyone.",Australian,False
15:55,COL,Colapinto,driver,True,AUDIO ONLY,Australian,False
16:04,ALB,Albon,driver,False,"Just check for damage in plant 4, exit cap.",Australian,False
16:18,ALO,Alonso,driver,False,"All right. Good job. Maybe a bit more to come the next set. Let's go. Yeah, let's go.",Australian,False
16:19,ALB,Albon,driver,False,"Oh, that's terrible. Why, why, why is the balance changing so much? Alex, it was a good lap considering the car is all over the place. That's on us.",Australian,True
16:19,SAI,Sainz,engineer,False,"It was a good lap considering the conditions, it's all that our car had in it. Let's see what we can do overnight. Yeah, just keep working.",Australian,False
16:32,ANT,Antonelli,driver,False,I've got no grip on them. Like I don't know we're doing something wrong with tires. I have zero grip,Australian,False
16:32,HAD,Hadjar,driver,False,"Okay, but I come on someone's always the same",Australian,False
16:34,HAM,Hamilton,driver,False,That was a pretty tricky lap. I spent more time in it.,Australian,False
16:40,LAW,Lawson,driver,False,"Oh man, such a bad luck. It's so hard to drive.",Australian,False
16:41,OCO,Ocon,driver,False,There's a high chance. I broke the floor Three,Australian,False
16:41,LIN,Lindblad,driver,False,"I mean, for me, we seem genuinely competitive, so let's throw everything at it.",Australian,False
16:42,GAS,Gasly,driver,False,"Focus on tomorrow, thanks guys. Alright, thank you.",Australian,False
17:02,NOR,Norris,driver,False,"Oh, just go whatever is to be honest. Thank you very much",Australian,False
17:11,PIA,Piastri,engineer,False,Being blessed.,Australian,False
17:12,VER,Verstappen,driver,False,The course is completely broken aerodynamically. It's getting worse and worse. What a weekend.,Australian,False
17:12,HAM,Hamilton,driver,True,AUDIO ONLY,Australian,False
17:13,RUS,Russell,engineer,False,so stop stop stop stop stop stop stop,Australian,False
12:26,RUS,Russell,driver,True,AUDIO ONLY,Australian,False
12:42,BOT,Bottas,driver,False,The rear end overall was a bit all over the place in that mountain.,Australian,False
12:47,BOT,Bottas,engineer,False,"Do you have any vibrations? Yes, sadly this set is gone. The vibration is too big.",Australian,False
12:51,PER,Perez,driver,False,I lost the engine. I've had a massive break. It looks like the brakes are on fire on the back.,Australian,False
13:03,HAD,Hadjar,driver,False,"Ouch, that was tough on the floor.",Australian,False
13:21,HAD,Hadjar,driver,False,Enjoyable,Australian,False
13:31,SAI,Sainz,engineer,False,"Check the guard, I destroy the black in front for it. Copy, will check it.",Australian,False
16:55,PER,Perez,driver,True,AUDIO ONLY,Australian,False
17:05,GAS,Gasly,engineer,False,"If something feels wrong on the car, it's extremely bad. Okay, worse than P1, question? Yes, I have a look, it just feels broken in turn 12, something with the front is wrong.",Australian,False
17:07,RUS,Russell,driver,False,"Look at that dreadful display, the car is so out of balance.",Australian,False
17:09,ANT,Antonelli,engineer,False,"My god, they almost spun twice on braking. What is going on? Yeah, copy. I think we should both drop a bit of air balance That's all you think No, but I keep blocking the rear",Australian,False
17:26,HAD,Hadjar,driver,False,"The mess, the chicane, I don't know what the f*** is happening, I'm slowing down as hard as I can, and I can't, just can't hit the apex, like, I have to handbrake the corner. Copy, keep walking on the suggestion.",Australian,False
17:37,ANT,Antonelli,driver,False,"Yeah, but I keep locking the rear, man. It's it's too much",Australian,False
17:50,LIN,Lindblad,driver,False,"Yeah, I mean I thought it's different but what the cross practice",Australian,False
13:25,GAS,Gasly,driver,True,AUDIO ONLY,Australian,False
13:36,VER,Verstappen,driver,False,"I can't believe all these guys, that was actually really dangerous, I could even slam on the brakes",Australian,False
13:38,BOR,Bortoleto,driver,False,You think the damper is okay on the right side. I had a lot of bouncing out of 13.,Australian,False
13:41,VER,Verstappen,driver,False,"and the car is jumping like crazy, really bad jumping on the front axle, really bad.",Australian,False
13:44,LAW,Lawson,engineer,False,"I had some really, really bad engine braking as well at my low speed. Switchy last sector. Just really difficult to drive the car.",Australian,False
13:51,HAM,Hamilton,driver,False,That car feels pretty bad. Right. Very poor. We're all stiff. It's too stiff.,Australian,False
14:01,FOR,Fornaroli,engineer,False,The rear wing is working well,Australian,
14:03,VER,Verstappen,driver,False,"How are shifts? Same, it's not good. What's ride? Same, not good. And lag? A little bit better in the last corner now because of the gear.",Australian,False
14:09,HAM,Hamilton,driver,True,AUDIO ONLY,Australian,False
14:10,HAM,Hamilton,driver,True,AUDIO ONLY,Australian,False
14:10,HAM,Hamilton,driver,False,"Something's wrong with the upshifts and downshifts, like downgraded upshifts and downshifts all the time.",Australian,False
14:22,LEC,Leclerc,driver,False,"Uh, that's a big broke. Copy, boss.",Australian,False
14:35,FOR,Fornaroli,engineer,False,"Thanks guys for a good weekend, we really thought about the mistake on the top half.",Australian,
12:42,RUS,Russell,driver,True,AUDIO ONLY,Australian,False
15:52,ALO,Alonso,driver,True,AUDIO ONLY,Australian,False
14:16,HUL,Hulkenberg,driver,True,AUDIO ONLY,Austrian,False
14:31,GAS,Gasly,driver,False,"And the water is like 45 degrees, yeah like 50. 0:5.2",Austrian,False
14:32,PIA,Piastri,driver,False,"Um, can we just check that the left side of my seat, I mean I guess it's coming out, anyway, but it feels like it's not, probably in, uh, like around my left leg Probably not, yeah 0:17.9",Austrian,False
15:08,PER,Perez,driver,False,"I'll follow that up as well, because I think that's good. 0:5.9",Austrian,False
15:14,RUS,Russell,engineer,False,"So the stamp could trigger this early, he is very close to Lewis, every extra second we can get. 0:13.3",Austrian,False
15:16,VER,Verstappen,driver,False,I respect 0:7.2,Austrian,False
15:18,HAM,Hamilton,engineer,False,"Out -of -lap critical, out -of -lap critical. Let's push. 0:6.5",Austrian,False
15:22,RUS,Russell,driver,False,"I think I saw a starfish over here too, the one stopping at the bus stop. I see them. 0:09",Austrian,False
15:24,HAM,Hamilton,driver,False,"Hey, it's okay better now you're faster than sharp 0:7.6",Austrian,False
15:27,NOR,Norris,engineer,False,"I know we're going to stay out, he'll get cleaner, we're going to extend. I've got no more pace, so this is it. 0:11.9",Austrian,False
15:32,HAM,Hamilton,engineer,False,"And back on harder, since lower, we are thinking also about plumping. It doesn't feel that way to me, mate. 0:12.7",Austrian,False
15:34,HAM,Hamilton,engineer,False,"Box, box, box. It's over too late. We can ride it. 0:8.9",Austrian,False
15:35,ANT,Antonelli,driver,False,"Bono, what is happening with this brake? I have no confidence. We've got a brake split, mate, so one's hotter than the other. 0:13.4",Austrian,False
15:42,HAM,Hamilton,engineer,False,"And more that yes more that yes, why do I think it's proteus damn, but you're already have no power 0:11.1",Austrian,False
15:51,HAM,Hamilton,engineer,False,We need to get the piastre. I know you are dying 0:6.9,Austrian,False
15:58,VER,Verstappen,engineer,False,"So, yeah, best you can at this stage of the race, we'll just try to build a bit of a tyre offset. Hope he gets into trouble towards the end. I'll take it. Copy. 0:11",Austrian,False
15:59,RUS,Russell,driver,False,"Though Kimi keeps extending, but that one's going to keep on extending and put us in the race. 0:7.6",Austrian,False
16:04,ANT,Antonelli,engineer,False,"Okay, come here, let's go. Just maintain the focus. 0:6.6",Austrian,False
16:12,LEC,Leclerc,driver,False,It's 0:5.1,Austrian,False
16:14,LEC,Leclerc,driver,False,I want to have a good produce to stop again now nothing 0:6.6,Austrian,False
16:30,RUS,Russell,engineer,False,"Good job, mate. Woo! That was two years ago. Yabba -dabba -doo! Yabba -dabba -doo. Well, well done, guys. I'm happy. Well done. Thank you so, so. Good team result. Well done. Well done, everybody. 0:18.5",Austrian,False
16:31,VER,Verstappen,engineer,False,"Ah, good job Max, well done. Throwing the wheels off it, that's normal. Thanks for the help. 0:12.4",Austrian,False
16:32,RUS,Russell,driver,False,"drink system failed, nice race for it to do so, I'm a little bit thirsty, great job well have a drink ready for your podium 0:11.2",Austrian,False
15:58,ALO,Alonso,driver,True,AUDIO ONLY,Austrian,False
16:12,RUS,Russell,driver,False,"Just a bit similar to the FB3 runs, four -wheel sliding. 0:13.4",Austrian,False
16:19,ALO,Alonso,driver,False,"Yeah, that's a good lap, and yeah, not what we want, but not too far, not too far, we're getting closer. 0:15.5",Austrian,False
16:33,PIA,Piastri,driver,False,The center line of my right front tire looks like it's got some weird lines in it. 0:9.7,Austrian,False
16:35,RUS,Russell,engineer,False,"North, just drive. 0:6.6",Austrian,False
16:41,GAS,Gasly,engineer,False,All that good luck to me with you we are not 0:9.8,Austrian,False
16:42,BEA,Bearman,driver,False,"That was what she had really guys. That was a really pretty good love Sure, sorry, you know, it looked good. Well, it will be tomorrow. Thanks Ollie 0:14.9",Austrian,False
16:44,OCO,Ocon,driver,False,"Yeah, I was happy with that a lot to be honest. Nothing left. Probably is. 0:8.1",Austrian,False
16:54,HAM,Hamilton,engineer,False,"Can I go for a second map negative? Oh, he's supposed to have a supposed to have a bank it feel why 0:09",Austrian,False
17:07,ANT,Antonelli,driver,False,"That was the love man, that was the love oh my god, that was the love 0:10.3",Austrian,False
17:11,RUS,Russell,driver,False,"Lifted entry to that corner, lost a lot of time, but I lifted, big lift on the entry to that corner, I lost a good tenth and a bit. 0:12.3",Austrian,False
17:11,RUS,Russell,driver,False,"Nice job. Stay calmo, stay calmo. Just drive. Just drive. And enjoy. Just drive, the boss says. Nice work, well done. That was a really good lap. Oh, beautiful. Beautiful. It was hooked up like a beauty! 0:27.6",Austrian,False
12:42,COL,Colapinto,driver,True,AUDIO ONLY,Austrian,False
12:42,COL,Colapinto,engineer,False,The Aero P3 6th gear. 0:3.3,Austrian,False
12:45,PER,Perez,driver,False,Let's try to rebalance this set because the revisions are high. 0:4.6,Austrian,False
12:49,NOR,Norris,driver,False,"That mirror is completely broken, so I don't know if we ever replaced it or how many spares we got, but just clean it out. 0:13.8",Austrian,False
12:52,VER,Verstappen,driver,False,"Yep, that's it, we're at F27, I need to change my earplugs and, uh, send the balaclava, it's something really awful. That's it. 0:15.2",Austrian,False
12:53,PIA,Piastri,driver,False,"my seat behind my left shoulder, because I feel something stuck behind my shoulder blades, copy 0:11.1",Austrian,False
12:55,VER,Verstappen,driver,False,"Still have my statement, really, like, right at the top. Copy. 0:5.9",Austrian,False
12:59,RUS,Russell,driver,False,really bad straight line braking on the front axle 0:6.1,Austrian,False
13:14,ALO,Alonso,driver,False,"I cannot turn the car to, for example, run on the front. 0:8.2",Austrian,False
13:21,LIN,Lindblad,driver,False,"Yeah, I'm really struggling with confidence with these brakes. I feel like I have a lot of fully copy 0:8.7",Austrian,False
13:27,HAD,Hadjar,driver,False,"What's happening turn 1 and turn 3? Like turn 3, like let's not act like I'm working hard, okay? The thing just locks up completely. Understood Isaac. 0:19.4",Austrian,False
13:33,HAM,Hamilton,driver,False,"I locked up in three, I locked the rears, I hit each other gearbox, it said shift when I was, it said it was shifting when I was in interstitial. 0:12.2",Austrian,False
13:31,LIN,Lindblad,driver,False,Just check the guard pull away. I don't know why I felt like I had a lot of bites and then I got hunted twice. 0:7.3,Austrian,False
13:33,VER,Verstappen,driver,False,"Oh, God. I couldn't lose the clutch I got at the start. 0:8.1",Austrian,False
13:34,RUS,Russell,driver,False,"Yeah, this is from another deputy person, about way to my place last week. Okay, I'll post it. 0:9.8",Austrian,False
13:39,ALB,Albon,engineer,False,Are you happy with the chart at all? I think we get less of a chart. Really? 0:6.8,Austrian,False
13:52,PIA,Piastri,driver,False,"The brake pedal goes very low, and very inconsistent. Oh, okay. 0:10",Austrian,False
13:56,PER,Perez,driver,False,One of the cooling on the right -hand side is coming off part of the body work Coming coming box box box box 0:12.4,Austrian,False
13:57,VER,Verstappen,driver,False,"I have not been able to feel it, basically, it's just tired, a little hard to hold it. 0:11.8",Austrian,False
14:00,HAM,Hamilton,driver,False,"That's a good trip at the moment, Paul. 0:7.4",Austrian,False
14:01,PIA,Piastri,driver,False,"I'm struggling quite a lot with these brakes, you know, like every time I hit the pedal it's a lot of ease to how much trouble I have. I'll be understood. 0:13.2",Austrian,False
14:02,VER,Verstappen,engineer,False,I don't know what's happening on the road there. 0:08,Austrian,False
14:15,PER,Perez,driver,False,"Yeah, I lost ignition. It's everything by God 0:8.7",Austrian,False
14:28,PER,Perez,driver,False,"Again, I lost everything. It's my god again. 0:7.7",Austrian,False
14:30,BEG,Beganovic,driver,False,Thanks for another opportunity. It means a lot. Good job. Thank you. 0:11.7,Austrian,
14:24,HAM,Hamilton,driver,False,"Eval, what do you think of it? What do you think of it? Maybe looking for ears? 0:07",Barcelona,False
14:29,ANT,Antonelli,driver,False,"Brakes feel quite bad already, quite long. Feels like air is in the system. Copy, we'll have a look at it. 0:12",Barcelona,False
15:15,NOR,Norris,engineer,False,"Lando, how's the pace, how's the tires? Just, yeah, sliding everywhere. 0:9.5",Barcelona,False
15:18,VER,Verstappen,driver,False,"Yeah, it's not like a lot to the bias the league on the street. It's not impressive 0:9.2",Barcelona,False
15:19,RUS,Russell,engineer,False,Is that Lewis in? He's probably going for a three. 0:7.5,Barcelona,False
15:22,RUS,Russell,engineer,False,"If I was managing in that first stint, you could have given me the heads up, but you've exposed me to Kimmy now. I don't think it's going to be long for everyone. If I needed to update you on the plan, that would be really, really quick. Still on plan here, Jordan. Nothing to worry about here. 0:15.5",Barcelona,False
15:24,LEC,Leclerc,engineer,False,"And Fox Charles Fox, we have the gap to cover Piasco We don't care about Piasco, let's look for the head before the face Ok, let me know on flat, we stay out this lap then, stay out this lap 0:13",Barcelona,False
15:30,COL,Colapinto,engineer,False,"Okay, Frank, this is an instruction. We need to switch cars into turn one. Please switch into turn one. Switch cars? Paper. Two into turn four, please. Turn four, switch the cars. It's one out of seconds, Rod. What are you blushing? 0:16.7",Barcelona,False
15:32,ANT,Antonelli,driver,False,"Happy with fortune. Affirm, Kimmy. Good lap times. 0:7.8",Barcelona,False
15:37,HUL,Hulkenberg,engineer,False,I'm on the break here. Dangerous. 0:6.7,Barcelona,False
15:43,RUS,Russell,engineer,False,"To update, Lewis will be on a 3. We are still racing at Norris so we need to keep these lap times going. 0:9.8",Barcelona,False
15:43,ANT,Antonelli,engineer,False,"It's going to give me black or white flag for track limits, so no more of those please, otherwise it's a five second penalty. 0:8.1",Barcelona,False
15:47,HAM,Hamilton,engineer,False,Do you know what time they need to do? 20 .9. Charlie's in forward. You are a different strategy. 0:10.2,Barcelona,False
15:49,ANT,Antonelli,engineer,False,"Give you a reminder the track limits, let's not take any risks 0:6.3",Barcelona,False
15:50,HAM,Hamilton,engineer,False,"Am I catching now? You are catching really well. Keep pushing, keep pushing. 0:8.3",Barcelona,False
15:50,ANT,Antonelli,engineer,False,"Thank you, it won't be long for George. We are at risk for Norris behind in 3 .9 seconds. 0:10",Barcelona,False
15:51,ANT,Antonelli,engineer,False,"So let's not slow each other down racing, we need to keep that gap to Morris, nice and healthy, now at 4 .3. 0:10.6",Barcelona,False
15:54,ANT,Antonelli,engineer,False,"It won't be long, Kimmy. Got to cover Norse. 0:6.7",Barcelona,False
15:56,HAM,Hamilton,engineer,False,And we are planning other seven laps on this set. This is our race. Give everything these seven laps. It's the critical moment. We have our chance. 0:12.2,Barcelona,False
15:58,RUS,Russell,engineer,False,and we are forecast to be battling with Lewis end of race on that three stop 0:6.7,Barcelona,False
16:01,HAM,Hamilton,driver,False,And your iPhone 0:9.1,Barcelona,False
16:01,HAM,Hamilton,driver,False,Great job guys 0:4.1,Barcelona,False
16:03,RUS,Russell,engineer,False,"24 laps remaining, that's the race up ahead of you, got 1 .3 behind 0:9.6",Barcelona,False
16:11,NOR,Norris,engineer,False,"And Land of Our Race is having better pace over the whole stint than the cars ahead. I just said pace, so I either go with them or I drop back and it's gone. So I can't devise I'm afraid. 0:15.3",Barcelona,False
16:13,NOR,Norris,engineer,False,"Zalando at the end of the race I want to be with him, give me a head he's got three strikes already 0:9.1",Barcelona,False
16:14,HAM,Hamilton,engineer,False,"15 laps to go you were doing a good job, so you can go on 0:7.3",Barcelona,False
16:15,ANT,Antonelli,engineer,False,"Gap at 0 .9, 1 .3 behind I have 0 .1 more, please, front Copy that, Gibby 0:9.6",Barcelona,False
16:15,RUS,Russell,engineer,False,"I want to pick up the pace here, George. 0:4.2",Barcelona,False
16:16,NOR,Norris,engineer,False,and it's quite clear that Anceli has been off track more than three times we've reported it to the FIA we expect he should get at least a five second penalty 0:11.7,Barcelona,False
16:24,HAM,Hamilton,engineer,False,And bmig3 suggestion. I don't know where I am. I have set the repeat to 1. 0:9.7,Barcelona,False
16:29,ANT,Antonelli,engineer,False,"So Kimi, you've got five laps remaining, so just warning for track limits everywhere, turn five, exit, turn ten, exit. 0:9.6",Barcelona,False
16:29,LEC,Leclerc,driver,False,"Ah, look the posture. I'm losing the posture 0:6.6",Barcelona,False
16:37,HAM,Hamilton,driver,False,"Well done, Luis. Well done. Finally, you both, you deserve the first ERA that we will always remember. Thank you. Congratulations with G. Thank you. Ciao, ragazzi. Grazie a tutti. I'm Marinello. Thank you so much. You helped me achieve this dream. And I just, I can't thank you enough. Thank you for everyone pushing so hard back at home. I'm so proud of you. And to my family, I love you. And to the fans, thank you for continuing to remind me who I am. Couldn't have done this without you. Grazie. Grazie a tutti, Luis. 0:45.2",Barcelona,False
16:38,HAM,Hamilton,driver,False,"Let's go! For the Ferrari! For the Ferrari! Guys, thank you for those great pit stops as well. Sorry I have to talk and I'm so proud of you. Thank you. 0:13.6",Barcelona,False
16:40,NOR,Norris,driver,False,"Ah, nice point 3. Point 3, bottom 8. Yeah, well done, Grace. See us back on the third guys. Please just keep it going. We need to catch them up! We need to catch them up! 0:14.1",Barcelona,False
16:40,RUS,Russell,engineer,False,"Okay, set. 8 -2. Tough race. Sorry if you can't hear me. Yeah, I agree. Tough race for the team, mate. 0:9.6",Barcelona,False
16:42,LIN,Lindblad,engineer,False,"But your face was Yeah, yeah, let's thank you for the work, let's let's review when we get back next week We lost the time Regardless, thank you for the efforts Yeah, I think I think was a very great day 0:21.6",Barcelona,False
16:42,VER,Verstappen,engineer,False,"Well done, Max. Yeah, I think so. Yeah, it's one race, the other one's ahead. But, yeah, it's all right. Well done, Max. That was the maximum. I like the way you achieved today. Well done with the pace and the high amount of momentum all through the race. 0:23.3",Barcelona,False
16:44,COL,Colapinto,driver,False,"Hold up, lower points. Hold up, don't get moved. 0:5.2",Barcelona,False
16:46,HAD,Hadjar,engineer,False,"I'm going to apologise for that start to the tournament night. Yeah, I mean, the whole weekend has been terrible, so... Like, there's one task for us, and to break the ring is just the start, please. Because we're going backwards now. 0:18.5",Barcelona,False
16:01,HAD,Hadjar,driver,True,AUDIO ONLY,Barcelona,False
16:19,PER,Perez,driver,False,"But anyway, I think we maximize it for tomorrow. We are Yeah, that's the compromise 0:13",Barcelona,False
16:21,BOT,Bottas,engineer,False,"All right, that's E20. Russ. Okay. Yeah, nice and good at the car, buddy. That was a good sector one. I had some good time there. 0:11.4",Barcelona,False
16:42,LIN,Lindblad,driver,False,"Got that P -11 of it. I'm really, really sorry. We don't know what's happened. Yeah. It's fine. It's done now. We're out for tomorrow. Is what it is. Thank you everyone for the work anyway. 0:15.4",Barcelona,False
16:44,HUL,Hulkenberg,engineer,False,"And we are through, Nico, D3, good job. Yep, that's a day. That's a day. 0:6.9",Barcelona,False
17:14,HAM,Hamilton,engineer,False,"And we are P2, and I said P1. Good job, guys. I lost that. In turn one, a bit deep. Great job, guys. 0:14.6",Barcelona,False
17:17,HAD,Hadjar,driver,False,"Ah! I unfolded the laptop in turn 1. I could have done it, man. But the rest was good. Good job, mate. P6. P6. Ah! Thank you. But mate, that is... sugar for an 849. Like, the amount of time I left turn 1 was... entirely my fault. Yeah, mate. T -Mapper, look. T -Mapper. I just told you. Still be happy with that. Sorry, Laurent. No, no. Well done, Zach. Well done. It's a very good job. It's a very good job. Make a weekend was difficult for everyone, and you kept putting your head down, and put it where it can be today. So well done. 0:55.5",Barcelona,False
17:19,HUL,Hulkenberg,engineer,False,"OK Niko, pick up, so V9, V8, with a 16 .5, just over 1 kt faster Yep, it's a peak, I'll display for tomorrow Yeah, definitely 0:15",Barcelona,False
12:29,STR,Stroll,driver,True,AUDIO ONLY,Barcelona,False
12:51,LEC,Leclerc,driver,False,"Yankees have a slower performance, correct? 1 to 1 .5 seconds. 0:6.3",Barcelona,False
12:57,PIA,Piastri,engineer,False,"It was like the front wing was broken, like I had no front surf at all. Copy, we saw the same. 0:11.8",Barcelona,False
13:05,BOT,Bottas,driver,False,"I lost my brake pedal, it's gone, the pedal is gone, but very lucky there. 0:11.3",Barcelona,False
13:11,PER,Perez,driver,False,"What happened to Valtteri? Was it just a mistake or something happened? Yeah, we are looking into that still, Sergio. Nothing should affect us. 0:12.4",Barcelona,True
13:23,ANT,Antonelli,driver,False,"Oh my god, mate. Unbelievable. It's unbelievable. I'm gonna box. Okay, copy that, mate. 0:9.3",Barcelona,False
13:24,ANT,Antonelli,driver,False,"I had four cars into Turn 1 in my first lap. Four cars. Yeah, unfortunately I don't release those cars out of the garage, mate. So, they leave when they want to leave. 0:12.2",Barcelona,False
13:32,LIN,Lindblad,driver,False,"Yeah, I think the package is fast. It's just about maximizing. We didn't do that perfectly enough for the compels faster 0:7.3",Barcelona,False
17:04,HAM,Hamilton,driver,True,AUDIO ONLY,Barcelona,False
17:10,VER,Verstappen,driver,False,"I already lost one tip to your truck, so I don't know. Take it to court, but it's not the same. Copy that Max, we can see why you didn't have quite as much to clobber to turn on. 0:14.6",Barcelona,True
17:30,ALB,Albon,driver,False,"Should we just box and have a bit of a regroup or...? Yeah, yeah. Probably, I haven't driven a car so disconnected before, so... So that's what's going on with it. 0:15.7",Barcelona,False
17:46,NOR,Norris,engineer,False,I've made a mistake and not taken out any front wing so if you think this is terrible we should box the front wing 0:09,Barcelona,False
17:56,ANT,Antonelli,driver,False,Brick Meadow feels horrible so long 0:7.1,Barcelona,False
18:01,ANT,Antonelli,driver,False,"Good job, Patrick. 0:4.9",Barcelona,False
13:31,FOR,Fornaroli,driver,True,AUDIO ONLY,Barcelona,
13:52,LAW,Lawson,driver,False,"All right, one of these guys 0:7.4",Barcelona,False
13:58,BEG,Beganovic,driver,False,I had a lot more power out of T7 than I expected that lap. 0:10.3,Barcelona,
14:01,BOR,Bortoleto,driver,False,"All right, I'm losing the rear so much like the car is very unstable 0:8.6",Barcelona,False
14:07,VER,Verstappen,driver,False,"Uh, yeah, please do the next one, uh, give me something for outfits, uh, but they're not good. Copy that, thank you. 0:08",Barcelona,False
14:27,BOR,Bortoleto,driver,False,"Wait, what's going on? I'm sideways everywhere. I'm zero grip. We'll review for FPTune. 0:9.2",Barcelona,False
14:53,OCO,Ocon,engineer,False,"So we expect a very small shower 5 minutes after the race start, but it should last about 4 minutes and very light rain.",Belgian,False
14:55,SAI,Sainz,driver,True,AUDIO ONLY,Belgian,False
15:08,HAM,Hamilton,driver,False,A car crossed over in front of me. I was right behind another car so I had no front end.,Belgian,False
15:20,PIA,Piastri,engineer,False,I can't believe enough space. That could have been a massive crash. You saw?,Belgian,False
15:22,HUL,Hulkenberg,driver,True,AUDIO ONLY,Belgian,False
15:22,HUL,Hulkenberg,driver,False,"Here's Scooby, got the project in love, he should be right on the track, Albon, coming across.",Belgian,False
15:29,HAM,Hamilton,driver,False,I'm quicker than Charles. I've got more pace.,Belgian,False
15:37,ANT,Antonelli,engineer,False,"Your tyres are looking good Kimmy, better than others so you can afford to use them.",Belgian,False
15:39,HAM,Hamilton,driver,False,What lap are we on? We are on lap 18 Why the hell? I told you what strategy I wanted to do Just to put me out with everyone else now We are on plan B,Belgian,False
15:42,HAM,Hamilton,engineer,False,"And we are opening the gap to Piastri, and we need to serve a five -second penalty, that's why. Another one.",Belgian,False
15:45,HAM,Hamilton,engineer,False,"Is he okay? He's okay, all okay.",Belgian,False
15:51,HAM,Hamilton,engineer,False,Did you put front wing in or not? We need a manager. Yeah. I can't turn the cars in.,Belgian,False
16:01,NOR,Norris,engineer,False,"And Lando, I don't want any yo -yo racing with Oscar. I'll explain why later.",Belgian,False
16:04,LEC,Leclerc,driver,False,"These pros and secondaries are so bad, so rotten, so bad, so hard.",Belgian,False
16:20,ANT,Antonelli,engineer,False,remember track limits two we have two already so we don't want any more,Belgian,False
16:21,PIA,Piastri,engineer,False,Hamilton under investigation post -race for unsafe release. We'll stay within five seconds. Hamilton under investigation post -race.,Belgian,False
16:29,ANT,Antonelli,engineer,False,"Nice work, Kimi. Well done there, mate. Let's go! Good effort, mate. Let's go. Thank you so much, guys. Yeah, well done, mate. Thank you. Yeah, it was a busy race, that one. But well done. Cool head.",Belgian,False
16:30,LEC,Leclerc,engineer,False,"Peter, good race, Charles, well done Good one, Charles, good job I was close, but... only a bit lucky with the BSC because it's a this may be...",Belgian,False
16:30,VER,Verstappen,driver,False,"Yeah, good job guys. It's the last podium. We're unlucky with that VSC, but it's all good. Well done Max. The pace is getting better, you were very strong as you say. Unlucky for P2, but it's close enough to the top and we have more coming. So, thanks for bearing with us. Yeah, exactly that. It's a tiny bit unlucky, but it's still a good podium.",Belgian,True
16:31,SAI,Sainz,engineer,False,"Yeah, well done Carlos, good recovery, good pace, it's the best we had in it after that fact change this morning. Yeah, thank you.",Belgian,False
16:31,HAM,Hamilton,driver,False,"Yeah, it's up we can",Belgian,False
16:32,HAM,Hamilton,driver,True,AUDIO ONLY,Belgian,False
16:32,LEC,Leclerc,driver,False,"Uh,",Belgian,False
16:32,HAM,Hamilton,engineer,False,I don't know if that's what they're supposed to be.,Belgian,False
16:33,ANT,Antonelli,engineer,False,"Bravo, mate. Bravo. Give me bravo. Bravo.",Belgian,False
16:34,HAD,Hadjar,driver,False,"Good pace today as well, mate. Good pace. Yeah, nothing I can do more honestly. So all that. It's a bit frustrating because, yeah, I could be on this podium, so... Yeah, Carp is there, unfortunately with penalty. You did what you could today. Good man.",Belgian,False
16:34,BOR,Bortoleto,engineer,False,"Come on, that's P8, P8, more than, more than, charge up, more than, and we drive into P1, into turn 1, what a race you have driven, Gabi, what a race, unbelievable, second assist, yes, yes, yes, coming to the pit, drive it slowly, come on, what a race, amazing driving, mega job, mega job, mega quality, thank you very much. Again, fantastic job, really well deserved, you did a fantastic, to put out a fight, unbelievable fight out there, and great job for the team on the pit stop, double stack getting you and Nico in a good time for double points. Yes, thanks everyone, what a weekend, amazing, I thought my T .I .2 would take off again, thank you. And remember, full switch off when you're around the parking lot, and again. What a fight you put out there today, really well deserved P8, fantastic job mate, and the team and the guys in the pit stop did a fantastic job as well, fantastic, great job.",Belgian,False
16:36,LIN,Lindblad,driver,False,"Yeah, thank you everyone. I really tried. Yeah, it's a shame about the BSC, but regardless, a really good weekend again, so thank you for the work.",Belgian,False
16:37,BEA,Bearman,driver,False,"Thanks everyone aside from those all over they have to read all the clock out today, so it's really posted",Belgian,False
17:10,ANT,Antonelli,engineer,False,"That's P1, mate. Let's go, man. Let's go. Nice birthday present for your old man. Yeah, happy birthday, Dad. Well done, mate. Yeah, really tidy lap there.",Belgian,False
17:11,VER,Verstappen,driver,False,"That was a two and a half, hold up. OK mate, that's P2, we can thank ESA for that, it's a couple of a bit.",Belgian,False
17:16,BOR,Bortoleto,driver,False,"High slaps, guys. Thank you for the car. That was very good, buddy. Yeah, guys, now let's finish the job tomorrow. Thanks, everyone, for coming. Bye.",Belgian,False
17:17,LIN,Lindblad,driver,False,"Yeah, thank you everyone. It was a really, really strong session and weekend so far, so thank you for your work.",Belgian,False
12:22,LEC,Leclerc,driver,True,AUDIO ONLY,Belgian,False
12:35,PER,Perez,driver,False,There's all the stations of the engine probably we are looking into this,Belgian,False
12:54,HAD,Hadjar,driver,False,No power. Oh my god. I stalled.,Belgian,False
13:05,LAW,Lawson,driver,False,Friends are pretty f***ed now. Quite a lot of time. Puppy.,Belgian,False
13:09,HAD,Hadjar,driver,False,"I mean nothing is ready, everything is too cold, everything is just, yeah.",Belgian,False
13:12,HAD,Hadjar,driver,False,What happened to the front? Zero front. Zero.,Belgian,False
13:20,ALB,Albon,driver,False,"A lot of fun to steer, like, to let you learn, to learn stuff, there's a way more track you can go out there. Okay.",Belgian,False
13:30,HAM,Hamilton,engineer,False,"You okay, Lewis? Yeah, I have to show you the car, mate. Sorry. No problem.",Belgian,False
13:36,SAI,Sainz,driver,False,"Car in front brake, wait a second.",Belgian,False
13:37,VER,Verstappen,engineer,False,"What the f**k? My god, it's like double yellow, it's just kind of like, just all these crushes in the back of me. Unbelievable.",Belgian,False
17:12,VER,Verstappen,driver,False,"My god, this is unbelievable man. What is unacceptable? My god",Belgian,False
17:28,NOR,Norris,engineer,False,"Lando, we need first gears, we turn 18 and 19 please.",Belgian,False
17:32,RUS,Russell,driver,False,"We're still too cold, sliding a lot, but not 1 .2 seconds cold.",Belgian,False
17:46,GAS,Gasly,driver,False,"Yeah, just ask if he lost it out of nowhere, that's the last of where",Belgian,False
15:00,VER,Verstappen,driver,True,AUDIO ONLY,British,False
15:40,HAM,Hamilton,engineer,False,"And box box, but my ties are still good my ties are still good",British,False
15:44,HAM,Hamilton,engineer,False,"We are P6, we are fighting for the podium, P3.",British,False
15:55,RUS,Russell,engineer,False,Let's blow punch a right rear. Move me or you do.,British,False
15:58,RUS,Russell,driver,False,Oh my god,British,False
16:02,ALB,Albon,engineer,False,"Alex, small feedback please for you, the wake belt was 4 load, copy, this way, 4 load. Same as the simulator, keep it to a full DD slope, can't really do it, what's it going to be? Copy.",British,False
16:08,ANT,Antonelli,driver,False,country broken in the car,British,False
16:10,ANT,Antonelli,driver,False,"Vader, suspension is broken. Okay, copy, copy.",British,False
16:10,ANT,Antonelli,driver,False,We think it is just the wheel shield left hand side.,British,False
16:12,ANT,Antonelli,engineer,False,"Okay, we're gonna try to box the goal. We'll try and remove the wheel shield and go again",British,False
16:14,ANT,Antonelli,driver,False,"I may not, there's something deeper, I've no front, the wheel is in the air OK, we'll box the car, so this is to retire",British,False
16:15,ANT,Antonelli,driver,False,We are just in P10. We've got Colo Pinto behind.,British,False
16:17,ANT,Antonelli,driver,False,"I'm gonna go for it, mate.",British,False
16:22,ANT,Antonelli,driver,False,"Wow, f***ing great. Everything is going against us, unbelievable. Yes mate, it feels like one of those days.",British,False
16:23,ANT,Antonelli,engineer,False,"We do have a 5 second penalty for track limits Yeah but that's a joke mate, I didn't do it on purpose Like, the car was broken Yeah understood Like I wasn't even getting time Yeah I know mate, I know mate",British,False
16:32,RUS,Russell,driver,False,"Pardon for sticking in there, but that's really fine. Go on top of the straight line speed. So that was a very frustrating weekend otherwise Yeah, I think straight line was okay in the race",British,False
16:37,NOR,Norris,driver,False,"Lewis has overtaken everyone, I mean, that's just, everyone's overtaken. You just do the right thing. Yeah, I'm just trying to stay out of everyone's way, I mean, they're just racers, John. Everyone gets to qualify, you know, on the podium. Um, there's been confusing messages, honestly, I'm not sure.",British,False
16:39,HAD,Hadjar,engineer,False,that's p5 to me p5 i don't know what the hell i mean obviously i was on the tire again but you don't get that much time that was just yeah big loss big loss upload i will take the points yeah but i wanted to go to the front not like buy it back i know mate i know yeah still stuff to work on while we're playing together,British,False
16:41,LIN,Lindblad,driver,False,"Well done, Nippon. Another amazing result. Apologies for Nippon, it's a lesson. Yeah, I'm gonna be honest, that annoys me. Not at you, but yeah, I'm not bad at you, it's just... Yeah, it's really frustrating, but regardless, it's a good team effort. We'll keep working. It's a good day for the team, but not good enough. We need to give you all the tools, so we'll do better. Apologies.",British,False
16:42,COL,Colapinto,engineer,False,"Oh mate, so that's points to the team after, I'd say, a pretty difficult weekend. Yep, but we still thank you for all the effort.",British,False
15:56,SAI,Sainz,driver,True,AUDIO ONLY,British,False
16:12,RUS,Russell,engineer,False,"Yeah, that was very weird. I've never looked there my whole career",British,False
16:12,RUS,Russell,driver,False,"We think your front wing was set up the same, flat angle. Hey, Femi, have we set that before you left the garage?",British,False
16:21,OCO,Ocon,engineer,False,"I had to live for that thing, you know. Yeah, I know. That was, again, nicely unlucky.",British,False
16:21,OCO,Ocon,driver,False,"Yeah, well, you guys did a great job with the car. It was much better, so good job, yeah. It's a shame I'm always the unlucky guy. But there is. Yeah, that is getting annoying. Sorry, Esteban. I'm lucky I think you lost those two pens with the yellow.",British,True
16:22,HUL,Hulkenberg,engineer,False,"Did Gabi have a problem, or why they only went up? He did, yeah. I'm not sure exactly what it was, but he got out and he got P12, as I guess you've seen.",British,False
16:49,BOR,Bortoleto,engineer,False,"You are currently p11. Sorry, it's okay. They can't have order. Sorry. Sorry team",British,False
16:53,BEA,Bearman,engineer,False,"Your P14, that's a good result Oli, that's a good result. Yeah, good job Oli, I know that's not what you want in your home Grand Prix, but you got the best out of it, thank you, we'll get better. Yeah, good job everyone, I think we've done the right thing again, which is all we can achieve at this stage.",British,False
17:07,PIA,Piastri,driver,False,"Yeah, that was, uh, that was full. Yeah, saw that one, Tally. All okay? Uh, yep. It's a good thing my underwear thought it was a black today, it's not white.",British,False
17:11,LEC,Leclerc,engineer,False,"Confirmed. Peter, that was a good quality. Good lap, Charles. There wasn't much more, I think, in this stuff. I think we're on the right path. Let's just keep working. We'll get there. Thank you.",British,False
17:11,LEC,Leclerc,engineer,False,"Yeah, you've been working your ass off and it paid off",British,False
17:12,LAW,Lawson,driver,False,"Now we can go to that kind of outside no idea. Yeah, it's very up and down. Yeah We had a small issue as well",British,False
11:22,STR,Stroll,driver,True,AUDIO ONLY,British,False
12:23,GAS,Gasly,engineer,False,"Just keep opening the diff, go 1 .8 behind.",British,False
12:31,NOR,Norris,engineer,False,"Yeah, well done. Good job. Just f***ing hang guys. Let's get a ride for what? This.",British,False
12:34,VER,Verstappen,engineer,False,Thanks Max for the fight. I'm sorry for lap one. Still have some work to do on two seats. Thanks for the fight.,British,False
16:33,ANT,Antonelli,driver,False,"Yeah, happy to go for lap one. Okay, let's do that.",British,False
16:43,BEA,Bearman,driver,False,"Okay, we have to be 17.",British,False
16:45,OCO,Ocon,engineer,False,"And so we're both out, Ollie's 17, you're 18. Yeah, okay guys, let's not give it up. We'll get down.",British,False
16:58,LAW,Lawson,driver,False,That's gonna be good. Very good luck,British,False
17:02,LIN,Lindblad,driver,False,Great sq3 good job. Thank you boys. Thank you very much. Thank you Luke for sorting out,British,False
17:17,ANT,Antonelli,engineer,False,"Ok, give me stats, P2 mate, just 11 milliseconds to pole, so tight, but really good effort there mate. Ah f*** man, it's ok, we'll try again tomorrow.",British,False
17:18,LEC,Leclerc,driver,False,"Very cool lap. Well, my turn. So, we're finished, you finished P thought. Hamilton P1. Yeah, I got quite a few snaps.",British,False
12:30,HAM,Hamilton,driver,True,AUDIO ONLY,British,False
12:35,OCO,Ocon,driver,False,"I'm not sure the wings were closing before 1, and yeah, 9.",British,False
12:39,OCO,Ocon,engineer,False,"At the moment there's some front under rotation on braking, so we're going to go a bit with that. We will have a look.",British,False
12:47,HAM,Hamilton,driver,False,"4 tenths in the first sector, where is that time? Apex speed of 3 is the main point to improve in first sector.",British,False
13:05,PIA,Piastri,engineer,False,"Oscar is everything okay? Yes, this guy is a dead snail of us.",British,False
13:07,GAS,Gasly,driver,False,"Oh, this is very predictable, like, I'm not liking this. I'm too.",British,False
13:17,LAW,Lawson,driver,False,"The start of the lap is quite sketchy, I would say, I don't know if it's tires, or if it's something to do with my cool down. Yeah, we'll check, we'll compare to the other car, we have good data there. Yeah, the first and second lap was very different, but I'm 3 .1. This is the second I've had a lot of rotate with 3 .1.",British,False
13:22,LEC,Leclerc,driver,False,"That's a very good laugh. Understood, Charles. We'll try again the next. South Star, circling QAS, we'll have to pull down, especially left -hand side.",British,True
13:31,PER,Perez,driver,False,"Yeah, there's quite a bit of hopping on the ground, a little smitten from the production. Copy that.",British,False
16:07,RUS,Russell,driver,False,I don't know why the ride has felt quite a bit worse today than yesterday. 0:10.1,Canadian,False
11:10,BOR,Bortoleto,engineer,False,"Yeah, keep the pressure on. You're doing a good job. Keep the pressure. 0:6.6",Canadian,False
11:21,BOR,Bortoleto,driver,False,Yep. What a drive. Good job. Excellent. So good. Set the pressure up. Really good pace. Well done. Thank you. 0:17.4,Canadian,False
12:17,HAD,Hadjar,engineer,False,"You think it's worth it already to go to the shop? How do you feel the tire? They are still alive, so maybe wait a little bit. And for the moment they're okay. The only thing can be rear overheating a little bit. 0:18.2",Canadian,False
12:46,NOR,Norris,engineer,False,"That's not the way, mate. That's not the way. You now need to keep it cool. Reset. 0:7.5",Canadian,False
12:49,NOR,Norris,engineer,False,"But there's no reason to go back anymore. I have a very big reason. If you get a penalty for Monaco, I'm going to win. OK? So I want you to be back on track, even if you are two or three laps down or you go slow. I don't care. I want the penalty today. 0:15.7",Canadian,False
13:00,LEC,Leclerc,driver,False,"Can you at least tell me what the plan is? Like, what are we trying to do? We're trying to wait for rain, mate. So to keep the track positioned and so if it rains, everyone has to stop, so we keep this position, you know? 0:15.6",Canadian,False
15:21,VER,Verstappen,driver,False,"I think this is the switch. Copy that Max. Box, switch to select, confirm. Yep. 0:11.1",Canadian,True
15:27,PIA,Piastri,engineer,False,"Are you happy on these tires, or do you want to enter? Honestly, I have no idea. It's really tough, honestly. But I'm surprised the inter is working. 0:14.4",Canadian,False
16:02,GAS,Gasly,engineer,False,"The drivers aren't entertised or complaining already, so we've got the right one here. 0:5.6",Canadian,False
16:03,NOR,Norris,engineer,False,"Any comments on conditions, Lando? Yeah, I don't know. We'll see. 0:5.3",Canadian,False
16:03,LIN,Lindblad,driver,False,It's not going again 0:5.6,Canadian,False
16:04,PIA,Piastri,driver,False,"It feels like the rain stopped quite a lot now, so what are we thinking to do? Oscar, Hawker, the rain should ease from here, but everyone's going to have very cold tires. Yeah, but I think now it is time for slicks, so should we just box? 0:19.9",Canadian,True
16:07,PIA,Piastri,engineer,False,"So, Oscar, our tyres have dropped quite a lot. Everyone on SOC must have very cold tyres by this time. Yeah, but if we fit now, we will have cold tyres. We will have warm tyres. So, I don't know. It's... I mean, it's... These engines are a mistake now. 0:23.9",Canadian,False
16:14,NOR,Norris,engineer,False,Although we could be going very long here 0:07,Canadian,False
16:20,HAM,Hamilton,driver,False,I got no power man. Come on guys 0:7.2,Canadian,False
16:29,NOR,Norris,engineer,False,We need to box this lap. It's a reliability problem 0:7.9,Canadian,False
16:41,ANT,Antonelli,driver,False,Why made you push me off and I was ahead like what's the point? 0:8.7,Canadian,False
16:42,RUS,Russell,engineer,False,Hemi will give you the position. Convenient just before the freeze. I think that was just when it was given to him. So head down. It's your throttle up to go. 0:11.9,Canadian,False
16:55,LEC,Leclerc,driver,False,"Okay, that was really a cheap one. 0:5.6",Canadian,False
17:01,NOR,Norris,driver,False,Something's broken about gearbox or something 0:7.4,Canadian,False
17:02,NOR,Norris,engineer,False,"I'm sorry, mate. All right, thank you. All good. 0:5.3",Canadian,False
17:03,ANT,Antonelli,driver,False,What is this guy doing man 0:4.5,Canadian,False
17:06,HAM,Hamilton,engineer,False,"You have same pace as Antonelli, be one to ten faster than Max in front. 0:08",Canadian,False
17:06,PER,Perez,engineer,False,"I'm listening to this one right now. Yeah, me too. I can tell you know what happened here. 0:6.8",Canadian,False
17:13,HAM,Hamilton,driver,False,We can do this guys 0:5.4,Canadian,False
17:14,LEC,Leclerc,engineer,False,"Blue is now picking up the pace, 15 .0 Let's top the ticket until the last lap, until the last lap And anything absolutely critical 0:13.8",Canadian,False
17:25,HAM,Hamilton,driver,False,They both are 0:4.8,Canadian,False
17:39,ANT,Antonelli,engineer,False,"Nice work, Kimi. It's been a very eventful day, but well done. Yeah, thank you, everyone. Not the way I wanted to win. It was going to be a good fight with George, but yeah, we'll take it. 0:16.1",Canadian,False
17:39,HAM,Hamilton,engineer,False,"And we're done. Pichu, that was a great fight. Good job, good job. Whoo! That was tough, guys. Make a job this weekend. Definitely the result we deserve. Thank you so much to everyone back at the factory. Gracias a tutti. Let's keep pushing. This is a good step. Let's keep working to try and close that gap. Thank you, Luis. 0:24.5",Canadian,False
17:40,VER,Verstappen,engineer,False,"Good job Max, we didn't fight out there today I think, well done. Yeah, it's just a shame we didn't have the tyre attack for the final scene. Really difficult but good job. That's the first road in. 0:16",Canadian,False
17:43,COL,Colapinto,engineer,False,"Oh, vamos, buddy. He's six. Good job, mate. Mate. Sorry for the extra stress. I don't know. I'm really sorry. I'll check the heart rate. I'll check the heart rate after the race, mate. Mate, fantastic job this weekend. Really, really good driving. 0:22.3",Canadian,False
17:43,LAW,Lawson,driver,False,"Well done guys, I really struggled to put pace in that race, I think we missed it though, at the start especially, but even on the last set. Yeah, probably out of balance a bit, and we will show you some things when you come back. Copy that, otherwise really good job. 0:19.7",Canadian,False
17:44,COL,Colapinto,engineer,False,But I've got the box on my shoulder here He's a he's a very happy man So that is big that's your best ever result in f1 now make another week another best 0:18.8,Canadian,False
16:02,PIA,Piastri,engineer,False,"Use boost after 10, 4, 7, and 9. Use boost. 0:5.3",Canadian,False
16:21,ALO,Alonso,driver,False,"Wow the Cadillac, the last glimmer. Yeah copy Perez he's starting it up. Yeah in the line mate. 0:10.6",Canadian,False
16:25,GAS,Gasly,engineer,False,"I think the only thing we can do to improve on the process here, mate, is changing the strap 2 before 10 .13, just before braking, as late as you can push it. It's very easy, mate, to say, but that small tweak does help us. Probably in the top half of this, so let me know if I can. Yeah, I know, it's tricky, mate, but what I'd say so far is doing a great job. 0:21.1",Canadian,False
16:33,VER,Verstappen,driver,False,"I can't get my front tires in the window, like it's really, really bad. Like yesterday in the island, it's like I'm driving on ice. Copy that. 0:12",Canadian,False
16:42,LEC,Leclerc,engineer,False,"And we are through, so you are P -8? I'm completely out of place, completely out of thing, he's either in the wall or P -8 We just need to make sure, give me clean air, I don't care about whatever else, just clean air, that's all that matters Understood Charles 0:23.2",Canadian,False
16:43,LAW,Lawson,engineer,False,"Oh, man, sorry, that was honestly so, so badly driven. 0:6.6",Canadian,False
16:44,COL,Colapinto,driver,False,"It's your home, yes. Vamos. Good job. 0:10.4",Canadian,False
16:45,BEA,Bearman,engineer,False,"The second you try and push this thing, it's not liking it. Yeah, we can see that all of you, I appreciate that. I'm blocking the front set, I didn't record that. 0:11.3",Canadian,False
16:45,HUL,Hulkenberg,engineer,False,BG -11 for us. Seems like that's our spot. What the f*** is B -11? I'm sick of it. 0:7.4,Canadian,False
16:52,RUS,Russell,driver,False,Nothing on the rear 0:4.7,Canadian,False
16:53,VER,Verstappen,driver,False,What's going on with this straight line speed because it's bleeding 0:8.5,Canadian,False
17:01,RUS,Russell,engineer,False,"Nice work, nice work. Yes! Well done mate. Keep me posted, is that good enough? That is good enough. Well done. We made that a bit tricky. 0:18.9",Canadian,False
17:02,RUS,Russell,driver,False,It's the most exhilarating feeling in the world when it comes last -minute out of nowhere. Good job 0:9.6,Canadian,False
17:05,ANT,Antonelli,engineer,False,"Okay Kimi, so that's P2 mate, so it's just, again, same as yesterday, so 68 milliseconds. Did he go for two laps? He ended up doing a fast slow fast. 0:19.5",Canadian,False
17:06,NOR,Norris,engineer,False,"It's going to be 3 again. Yeah, all good. The love wasn't amazing, but I heard all the dirt from Hamilton and then those slipstreams, so here's what it is. 0:12.1",Canadian,False
17:07,PIA,Piastri,engineer,False,"I was going to P4 again, P4. Good job, mate. It was only two tenths to hold this time. Yeah, it's a bit of a struggle, but we're getting there. 0:13.9",Canadian,False
17:08,VER,Verstappen,driver,False,"Yeah, I mean, I think it's something really wrong that we didn't check ice and stuff before. Sorry, Max, we know it's a frustrating one, but we'll have a lot to be honest with, so it's a painful but necessary data point, and we'll look to it. It's three times from the board right now. 0:17.8",Canadian,True
17:08,LEC,Leclerc,driver,False,So we finished You've seen it 0:6.1,Canadian,False
17:09,LIN,Lindblad,engineer,False,"Okay, that's P9. Best of the rest. Very well done by the Dot Q3. It's a good weekend. Thank you, everyone. 0:10",Canadian,False
11:21,PIA,Piastri,driver,True,AUDIO ONLY,Canadian,False
11:22,RUS,Russell,driver,True,AUDIO ONLY,Canadian,False
11:37,NOR,Norris,engineer,False,"Lando, if you can fit them in, there would be two burnouts before the launch. It would be a static bike point fine. 0:6.8",Canadian,False
12:09,HAD,Hadjar,driver,False,"Ah, engine problem. Oh f**k. Ok, we're investigating. 0:8.6",Canadian,False
12:10,ANT,Antonelli,driver,False,Don't worry about it 0:4.9,Canadian,False
12:10,VER,Verstappen,driver,False,I cannot save it. I wear it. It's holding like crazy. 0:6.1,Canadian,False
12:11,ANT,Antonelli,driver,False,Let's give young men an idea who's alongside the hero. So let's just keep it cool. 0:8.5,Canadian,False
12:11,ANT,Antonelli,engineer,False,"Let's just get his back up to control, Gibby. Focus on Norris, focus on the driving. Yeah, I don't care, he pulled me out! 0:9.4",Canadian,False
12:12,ANT,Antonelli,engineer,False,"Can we concentrate on the driving, please, and not on the radio morning? 0:7.8",Canadian,False
12:14,ANT,Antonelli,engineer,False,"We're not seeing anything on aero, so it looks to be behaving, just vibration. 0:8.9",Canadian,False
12:24,RUS,Russell,driver,False,That's how you do it. It's just a bit of growth. 0:6.5,Canadian,False
12:33,RUS,Russell,engineer,False,"Nice work, babe. Good job. That was quick there. Yeah, good job. 0:8.1",Canadian,False
12:33,ANT,Antonelli,engineer,False,"Kimi, let's check the flag. Yeah, if we need to race like this, then good enough. Kimi, now is the first time to talk about this. We talk about this internally and not on the radio, okay? 0:13.7",Canadian,False
14:53,BEA,Bearman,driver,True,AUDIO ONLY,Hungarian,False
14:53,PIA,Piastri,driver,True,AUDIO ONLY,Hungarian,False
15:05,RUS,Russell,engineer,False,"Well, it's 2 % shallow. It was a throttle pedal you backed up at a high RPM.",Hungarian,False
15:11,VER,Verstappen,driver,False,"Also again, the dumping failed for sure. Spasiboodee!",Hungarian,False
15:16,NOR,Norris,engineer,False,How's the tyres? How's the pulse? 30 already. Much faster than the GTTS.,Hungarian,False
15:17,PIA,Piastri,engineer,False,"How's the tide? Currently we are thinking plan A, target level. I feel good.",Hungarian,False
15:18,VER,Verstappen,driver,False,"Please do something about this shit, and don't tell me it's me 15 later. Absolutely.",Hungarian,False
15:18,HAM,Hamilton,driver,False,Actually pretty slow,Hungarian,False
15:26,VER,Verstappen,engineer,False,"Well, that was quite special, I don't want to blame it up once again moving on the breaking I mean sorry section, but it's not right",Hungarian,False
15:39,PIA,Piastri,engineer,False,"We're aiming at planet A, target that. How's the time? Oh, it doesn't feel great.",Hungarian,False
15:40,LEC,Leclerc,driver,False,"Well, it's quite a bit of time",Hungarian,False
15:45,NOR,Norris,engineer,False,"Okay mate, let's get back in the rhythm, know what you've been trying to do, can we see it? Back in the rhythm please.",Hungarian,False
15:48,NOR,Norris,engineer,False,"Hamilton's got me stuck behind the jar, and they thought it'd be a cool exit for us to... I need to get fast, come on, let's do something, please. I know, mate. I know. Staff is gonna close in. I want boxes left.",Hungarian,False
15:49,NOR,Norris,driver,False,You mean you won't let me? I'm Biles' master.,Hungarian,False
15:50,NOR,Norris,driver,False,I'll pull out a 10 -6 if it works on this one.,Hungarian,False
15:53,HAM,Hamilton,driver,False,I'm gonna be in trouble in the districts. Now we are fighting for the position with Max then we manage the ties,Hungarian,False
15:57,PIA,Piastri,driver,False,"Hey, don't you guys f***ing think we're lost?",Hungarian,False
15:58,PIA,Piastri,driver,False,"Get out of the f***ing way, you idiots! Oh my god.",Hungarian,False
16:01,PIA,Piastri,engineer,False,"After that sight that's crossed us, that target is to get to the end on this tyre. Oh mate, it's better you don't **** me now. Nice of you guys to affect the other one here by the way, thanks.",Hungarian,False
16:04,NOR,Norris,engineer,False,"We're catching ants early night and quickly, that's just been measured when we get there.",Hungarian,False
16:12,ANT,Antonelli,engineer,False,"Again, a little bit of security, just keep the 3, turn 7, get tight again.",Hungarian,False
16:13,LEC,Leclerc,driver,False,"Can you notice me before there's something that feels off the ground? Copy. Looks like overheating, if you can get back into the rhythm, should help. I'm in rhythm.",Hungarian,False
16:14,VER,Verstappen,engineer,False,This is good Max. You got it. You might have some fun towards the end.,Hungarian,False
16:19,ANT,Antonelli,driver,False,"But can't we go until yet? We don't think we have the tire light so press hold boost, press hold boost",Hungarian,False
16:19,NOR,Norris,engineer,False,"Vlade, you're clearly the fastest car and have nothing to prove, so the snaps of 4 and 8, no more.",Hungarian,False
16:21,ANT,Antonelli,driver,False,"Wind pollution out of wind. So probably P6 potential, but P2 here Kimmy, we've got a big offset on tyres.",Hungarian,False
16:25,ANT,Antonelli,engineer,False,"But I think I was ahead yeah, we're just talking through we think we were",Hungarian,False
16:38,NOR,Norris,engineer,False,No exit curve. That may be what happened to Oscar's car.,Hungarian,False
16:40,HAM,Hamilton,engineer,False,And we got five second penalty for speeding into the pit lane. I handed out penalties like crazy.,Hungarian,False
16:43,NOR,Norris,driver,False,"Well done, mate. Well done. Beautiful! The car was unbelievable today. Well done, guys. Incredible. Flying, thank you so much for the car. Nice to finally be able to do it all for you again. Feels like it's been a while. Congrats, very well deserved. Hard work pays off. Just keep it going. Thank you very much. I love you all.",Hungarian,False
16:45,VER,Verstappen,engineer,False,"That is an excellent drive Max, really, really, really spot on. I'd like to be a C -Sprog to your showpiece finale, but nonetheless, I'm going to be proud of that final sit. That's a great move there as well, so fantastic job. Yeah, we had a second today in some way or another. Great job. Well, it's been quite a lot out there, so...",Hungarian,False
16:47,NOR,Norris,driver,False,"And Lando, Barnsey put it on your piece of tape. One who's laughing. I only did it for him. Thanks Barnsey for everything. Beautiful career. I did it on a high. Thank you very much for everything.",Hungarian,True
16:48,COL,Colapinto,driver,False,"Choking pace, oh so slow",Hungarian,False
16:48,OCO,Ocon,engineer,False,"Thank you Laura. Yeah, positive weekend, it's a lot of good stuff, even if the race was very difficult, not as good as we would have liked, it's take the positive for you guys and we'll come back stronger after the break.",Hungarian,False
16:49,LAW,Lawson,driver,False,"It was pretty tough, good, really good job. Very good call on the strategy as well. Had me doubting it in the car, but very, very good job. Thank you. Car was so good. We wanted to keep you active, you know? We didn't want you to fall asleep. I literally said I don't want to overtake cars at the end of the race, and that's what you had me do. But you see, you could do it.",Hungarian,False
16:50,ANT,Antonelli,engineer,False,"Nice work Kimi. P3 buff, not a bad day. That was tough. Yeah, copy that, you earned your money today mate. Thanks everyone. It was a damage limitation after yesterday. So thank you everyone.",Hungarian,False
15:55,COL,Colapinto,driver,True,AUDIO ONLY,Hungarian,False
16:04,ALB,Albon,driver,False,"Just check for damage in plant 4, exit cap.",Hungarian,False
16:18,ALO,Alonso,driver,False,"All right. Good job. Maybe a bit more to come the next set. Let's go. Yeah, let's go.",Hungarian,False
16:19,ALB,Albon,driver,False,"Oh, that's terrible. Why, why, why is the balance changing so much? Alex, it was a good lap considering the car is all over the place. That's on us.",Hungarian,True
16:19,SAI,Sainz,engineer,False,"It was a good lap considering the conditions, it's all that our car had in it. Let's see what we can do overnight. Yeah, just keep working.",Hungarian,False
16:32,ANT,Antonelli,driver,False,I've got no grip on them. Like I don't know we're doing something wrong with tires. I have zero grip,Hungarian,False
16:32,HAD,Hadjar,driver,False,"Okay, but I come on someone's always the same",Hungarian,False
16:34,HAM,Hamilton,driver,False,That was a pretty tricky lap. I spent more time in it.,Hungarian,False
16:40,LAW,Lawson,driver,False,"Oh man, such a bad luck. It's so hard to drive.",Hungarian,False
16:41,OCO,Ocon,driver,False,There's a high chance. I broke the floor Three,Hungarian,False
16:41,LIN,Lindblad,driver,False,"I mean, for me, we seem genuinely competitive, so let's throw everything at it.",Hungarian,False
16:42,GAS,Gasly,driver,False,"Focus on tomorrow, thanks guys. Alright, thank you.",Hungarian,False
17:02,NOR,Norris,driver,False,"Oh, just go whatever is to be honest. Thank you very much",Hungarian,False
17:11,PIA,Piastri,engineer,False,Being blessed.,Hungarian,False
17:12,VER,Verstappen,driver,False,The course is completely broken aerodynamically. It's getting worse and worse. What a weekend.,Hungarian,False
17:12,HAM,Hamilton,driver,True,AUDIO ONLY,Hungarian,False
17:13,RUS,Russell,engineer,False,so stop stop stop stop stop stop stop,Hungarian,False
12:26,RUS,Russell,driver,True,AUDIO ONLY,Hungarian,False
12:42,BOT,Bottas,driver,False,The rear end overall was a bit all over the place in that mountain.,Hungarian,False
12:47,BOT,Bottas,engineer,False,"Do you have any vibrations? Yes, sadly this set is gone. The vibration is too big.",Hungarian,False
12:51,PER,Perez,driver,False,I lost the engine. I've had a massive break. It looks like the brakes are on fire on the back.,Hungarian,False
13:03,HAD,Hadjar,driver,False,"Ouch, that was tough on the floor.",Hungarian,False
13:21,HAD,Hadjar,driver,False,Enjoyable,Hungarian,False
13:31,SAI,Sainz,engineer,False,"Check the guard, I destroy the black in front for it. Copy, will check it.",Hungarian,False
16:55,PER,Perez,driver,True,AUDIO ONLY,Hungarian,False
17:05,GAS,Gasly,engineer,False,"If something feels wrong on the car, it's extremely bad. Okay, worse than P1, question? Yes, I have a look, it just feels broken in turn 12, something with the front is wrong.",Hungarian,False
17:07,RUS,Russell,driver,False,"Look at that dreadful display, the car is so out of balance.",Hungarian,False
17:09,ANT,Antonelli,engineer,False,"My god, they almost spun twice on braking. What is going on? Yeah, copy. I think we should both drop a bit of air balance That's all you think No, but I keep blocking the rear",Hungarian,False
17:26,HAD,Hadjar,driver,False,"The mess, the chicane, I don't know what the f*** is happening, I'm slowing down as hard as I can, and I can't, just can't hit the apex, like, I have to handbrake the corner. Copy, keep walking on the suggestion.",Hungarian,False
17:37,ANT,Antonelli,driver,False,"Yeah, but I keep locking the rear, man. It's it's too much",Hungarian,False
17:50,LIN,Lindblad,driver,False,"Yeah, I mean I thought it's different but what the cross practice",Hungarian,False
13:25,GAS,Gasly,driver,True,AUDIO ONLY,Hungarian,False
13:36,VER,Verstappen,driver,False,"I can't believe all these guys, that was actually really dangerous, I could even slam on the brakes",Hungarian,False
13:38,BOR,Bortoleto,driver,False,You think the damper is okay on the right side. I had a lot of bouncing out of 13.,Hungarian,False
13:41,VER,Verstappen,driver,False,"and the car is jumping like crazy, really bad jumping on the front axle, really bad.",Hungarian,False
13:44,LAW,Lawson,engineer,False,"I had some really, really bad engine braking as well at my low speed. Switchy last sector. Just really difficult to drive the car.",Hungarian,False
13:51,HAM,Hamilton,driver,False,That car feels pretty bad. Right. Very poor. We're all stiff. It's too stiff.,Hungarian,False
14:01,FOR,Fornaroli,engineer,False,The rear wing is working well,Hungarian,
14:03,VER,Verstappen,driver,False,"How are shifts? Same, it's not good. What's ride? Same, not good. And lag? A little bit better in the last corner now because of the gear.",Hungarian,False
14:09,HAM,Hamilton,driver,True,AUDIO ONLY,Hungarian,False
14:10,HAM,Hamilton,driver,True,AUDIO ONLY,Hungarian,False
14:10,HAM,Hamilton,driver,False,"Something's wrong with the upshifts and downshifts, like downgraded upshifts and downshifts all the time.",Hungarian,False
14:22,LEC,Leclerc,driver,False,"Uh, that's a big broke. Copy, boss.",Hungarian,False
14:35,FOR,Fornaroli,engineer,False,"Thanks guys for a good weekend, we really thought about the mistake on the top half.",Hungarian,
14:24,HAM,Hamilton,driver,True,AUDIO ONLY,Monaco,False
14:28,LAW,Lawson,driver,False,Well done everybody. You're doing a good job. You've done my best. Today doesn't make it worth it. Thank you Liam. 0:11.5,Monaco,True
15:04,VER,Verstappen,driver,False,What should I do? Just bring it home for these guys. 0:7.3,Monaco,False
15:09,VER,Verstappen,driver,False,"Oh, nice. What the f***, guys? What the f***? 0:5.7",Monaco,False
15:09,NOR,Norris,driver,False,But it's outside his grid box 0:6.6,Monaco,False
15:13,HAM,Hamilton,driver,False,Where is the foster despite the entry free and then 34 0:5.6,Monaco,False
15:22,HAD,Hadjar,engineer,False,I don't know. I don't know. 0:6.3,Monaco,False
15:23,RUS,Russell,driver,False,How do I hide the front left grain and he won't be out for much longer I don't think. Just make sure you've got good tyres when he does get out of the way. 0:10.2,Monaco,False
15:26,RUS,Russell,engineer,False,"And George, how much pace would you have in clear air? At least one second, I think. 0:8.8",Monaco,False
15:28,HAD,Hadjar,engineer,False,board six board six we're looking to it mate we're looking to it also the pilot is down the pilot 0:11.2,Monaco,False
15:37,HAD,Hadjar,driver,False,"Yeah, no power out of 8. Out of 8. Yeah, copy that, mate. We can see the issue. We're trying to work on a fix. You're doing a great job. Engine 3, position 11. Engine 3, position 11. 0:13.7",Monaco,False
15:38,RUS,Russell,driver,False,That's a lot in advance it they can't keep it on the truck. They need to get the dismount copy It is our break itself. We don't know tires 0:12.4,Monaco,False
15:40,SAI,Sainz,engineer,False,"What do you think about Plan B? Err, repeat what was Plan B, now I forgot it. Take IA, heading out at the stop. 0:9.5",Monaco,False
15:41,SAI,Sainz,driver,False,"It's up to you, you already followed me. 0:3.9",Monaco,False
15:42,BEA,Bearman,driver,False,"Sorry guys, on our weekend. Yeah, sorry Oli. We'll go again next week. Yeah. 0:7.1",Monaco,False
15:47,HAD,Hadjar,driver,False,"Hey, the problem is still real. Yeah, we're still looking for another fix. We are looking for another fix 0:8.2",Monaco,False
15:57,NOR,Norris,engineer,False,ladder we want to do the holding strategy on Russell we want to build up the seconds over the next couple of laps 0:9.4,Monaco,False
16:00,NOR,Norris,engineer,False,"Lado, we're going to box this lap and retire the car, we're going to box the lap and retire the car. 0:8.8",Monaco,False
16:02,ALB,Albon,driver,False,"Is there a reason for this? Because if I'm Peter, what should I do? I mean, I'm happy to do it, but are we just risking something for nothing? 0:14.5",Monaco,False
16:04,NOR,Norris,driver,False,Something's wrong. I got nothing my battery 0:6.1,Monaco,False
16:05,SAI,Sainz,engineer,False,"You end point now, no mistake. 0:4.1",Monaco,False
16:07,ANT,Antonelli,engineer,False,"And if we were to stop again, I'm a safety car, we have plenty of margin, you just have to be really careful on the entry and exit. What you did last time was perfectly fine. Yeah, but I don't think we need to stop. No, no, no, it's only a safer car. You can get a free stop, that's all. 0:18.6",Monaco,False
16:14,ANT,Antonelli,driver,False,And there's something weird with the engine off the hill. Let's have a look. 0:6.8,Monaco,False
16:16,ANT,Antonelli,engineer,False,"Okay, give me fastest lap, we don't beat them. 0:06",Monaco,False
16:23,ANT,Antonelli,driver,False,"What do I do I was too late, okay 0:9.3",Monaco,False
16:29,RUS,Russell,driver,False,"And have I served my penalty or not? I spent about 10 seconds in the pit lane. Not listening to Hajar. Watch, let's talk about it after. Yeah, I just need to know. If I'm in a 5 second penalty and I'm still behind Hajar on hard times... George, I'll give you the messages as the messages come through, okay? Yeah, alright, thanks. 0:20.5",Monaco,True
16:31,LEC,Leclerc,driver,False,"Honestly, I'm not even going to take the f***ing plane. Please f***ing brake! 0:8.3",Monaco,False
16:57,RUS,Russell,driver,False,"And Josh, thank you, Alex. Way more than thanks, Alex. Can't be. 0:08",Monaco,False
17:10,PIA,Piastri,engineer,False,"Oscar, the FAA have said unlikely discrepancy for the standing restock would be some laps behind the safety car. They've said they'll take a very dim view if people leave for more than 10 car lengths. 0:14.7",Monaco,False
17:13,HAD,Hadjar,engineer,False,"Yeah, keep pushing, keep pushing, aeronaut power, it's coming back. 0:10.3",Monaco,False
17:22,HAM,Hamilton,engineer,False,"And delay turn in 5 and 6. Thank you, sir. 0:6.3",Monaco,False
17:28,HAM,Hamilton,engineer,False,"And well done, Lewis. Great job, guys. Sorry I couldn't pull the win. Sorry I couldn't get the win in the end. They just had the upper hand on us this weekend. But mega result. Really grateful for all the hard work. And let's continue to push. Thank you. Grazie a tutti. Grazie a tutti, Lewis. For today, we can be happy. 0:39.2",Monaco,False
17:32,LIN,Lindblad,engineer,False,"Pistons, Arvid, well done. Well, congratulations, everyone. Unbelievable result. Amazing work. Yeah, thank you to everyone. Thank you to everyone on the track and fans and all the team kids as well. Amazing result from the team. Congratulations. Arvid, it's Arlen. Well done, mate. Thank you for your patience. Thank you for your team play. It paid off. Brilliant, brilliant stuff. Yeah, congratulations, guys. Thanks, Arlen. It was a real team effort today. We got some luck, but amazing execution from everyone. So, thank you. Well done, well done. Everyone is being big time here, Arvid. Very good difference. 0:48.4",Monaco,False
17:34,PIA,Piastri,engineer,False,"Good afternoon mate, that was good, good progress from an E7 start. Yep, yeah well done, uh yeah, Debra did make up those three spots on pace but uh, we stuck in at 1 .2 and well done. Yeah I heard what you said, we will be obviously doing everything we can for the bay and Austin. Just to say again, good good job mate, I know we did lag pace but uh we kept it clean, we stayed out of trouble most of it and uh, it's a good result for the way we're going this weekend. 0:36.4",Monaco,False
17:36,ALB,Albon,engineer,False,"Alex it was a tough afternoon to walk away with, V8 is a good result, well done to you, I know it's tough out there with all the battery issues and the car, I'll look into that, but well done, V8, really good points, we'll keep moving forward. Yeah thanks James. Yeah it'll be interesting to see how everyone watches this. Hey so who is it? Straight by Steve. Yeah well done, it's been a weekend so thanks everyone, thanks for all the hard work. 0:27.6",Monaco,False
17:38,OCO,Ocon,engineer,False,"Nice job. We definitely deserve this one. Yeah, good job, guys. Good job. Hats off to the strategists today. That was quite impressive. Thank you. Shout out to Hazard and Edge. Yes. Okay, Aseran. We're P9, actually, because Niko got a 10 -second penalty. Copy that. Awesome. Awesome. Was Hatch our third? Yes, yes, he is, actually. Yeah, super happy for him. That's nice. I'm very happy for us, too. So, P1, wait a few seconds, and go to P0. Thank you for this weekend, guys. Thank you, man. 0:44.2",Monaco,False
15:59,GAS,Gasly,driver,False,"I'm feeling the sun, I'm feeling the sun, it's pretty hot. 0:6.2",Monaco,False
16:01,LIN,Lindblad,engineer,False,"I mean, both the styles are harsher than what we had in Detroit. We are in a better place. 0:6.4",Monaco,False
16:02,HAM,Hamilton,driver,False,Charles backing into me 0:5.9,Monaco,False
16:05,HAD,Hadjar,driver,False,"Man, that's the worst rep. Oh, come on. Yeah, we're going to bleed. 0:7.6",Monaco,False
16:15,BOR,Bortoleto,driver,False,I broke the front suspension. 0:4.9,Monaco,False
16:26,BEA,Bearman,engineer,False,"10 -4 -3, that's clear, ping. I'm lucky with that yellow. F***, man, so lucky. Yeah, sorry, I'll leave. Oh, guys, I gave it everything on the path, I'm sorry. We needed more of them. 0:17.7",Monaco,False
16:27,OCO,Ocon,engineer,False,"P -17, signs with us. Oh, yes, yes, yes. Yep. 0:8.5",Monaco,False
16:29,BEA,Bearman,driver,False,"I'm so sorry guys because it all works out fine for them. I'm really sorry. Yeah, it's what sometimes other 0:7.8",Monaco,False
16:32,VER,Verstappen,driver,False,"You know that? What the f*** are you doing? You're like a mechanic, an idiot. 0:7.6",Monaco,False
16:41,RUS,Russell,driver,False,"If you think we need a drop flap, if you're seeing something with surface imbalance, then you shout. We just think we need to be sliding the front some more and overheating the rears less. 0:15.3",Monaco,False
16:46,LEC,Leclerc,engineer,False,"I'm supposed to be pushing, but we need to be clear on the driver, I push, or I don't. 0:6.4",Monaco,False
16:49,SAI,Sainz,engineer,False,Sorry Take a lot about 0:9.2,Monaco,False
17:00,VER,Verstappen,engineer,False,But this outfit is up. You cannot exit behind one. 0:5.6,Monaco,False
17:08,ANT,Antonelli,engineer,False,"Yes, Kimmy. Nice work, pal. Good man. Well done. My man. 43 milliseconds. 0:19.6",Monaco,False
17:11,LEC,Leclerc,driver,False,"Uh, that was going to be the last one, you know. That's it. 0:10.1",Monaco,False
17:11,VER,Verstappen,engineer,False,"Ah, hard luck mate, four hundredths, it's front row, front row. Ah, ha, ah, it's a shame, it's a shame, but still, I think that, that, guys, ah, that's a shame, but still, still get the result. Absolutely mate, came off, well done. 0:19.5",Monaco,False
17:12,VER,Verstappen,engineer,False,"Well done Max, that was nailed, and more than that, I think you deserve a bit more than that P2, but it's a mega good news for everyone, well done. Yeah, I mean, it was a good period, we had a massive jump, so well done. 0:22.1",Monaco,False
17:18,ANT,Antonelli,engineer,False,That is bagging give me grande grande. Thanks Toto. Thank you so much 0:9.4,Monaco,False
11:36,BOR,Bortoleto,engineer,False,Everything is fine. Now is a good chance to get the feeling proper of the car. Come on. Leave me alone. 0:11.1,Monaco,False
11:52,OCO,Ocon,driver,False,"That's it, Gérard. That's it. Yeah, that's it. 0:12.3",Monaco,False
12:18,LEC,Leclerc,driver,True,AUDIO ONLY,Monaco,False
12:18,GAS,Gasly,driver,True,AUDIO ONLY,Monaco,False
12:33,ALO,Alonso,engineer,False,It's Fernando tailwind into turn 10 similar to yesterday 0:5.2,Monaco,False
12:35,BOT,Bottas,driver,False,"There's a lot of smoke on the front brake. It's burning. Front brake, it's getting worse. I'm just trying not to use the brakes. 0:13",Monaco,False
12:38,PER,Perez,driver,False,"I'm catching fire from the left, left brake. 0:7.1",Monaco,False
12:52,ANT,Antonelli,driver,False,"Where did I lose two doors? Mid to exit turn 1, you can take less kerb and exit turn 12. 0:12.5",Monaco,False
12:55,OCO,Ocon,driver,False,"Do something for the string when it's better, but it's too stiff, way too stiff. Understood. 0:8.5",Monaco,False
12:58,LAW,Lawson,driver,False,"I had no idea what happened, but I just hit a bump and nearly lost the car. 0:9.4",Monaco,False
12:58,ANT,Antonelli,driver,False,"I don't need it, man. Completely in the way. Yeah, copied. Saw that. 0:7.9",Monaco,False
12:59,ANT,Antonelli,driver,False,"That was going to be quite a good one, Bob. Yep. 0:06",Monaco,False
13:04,PIA,Piastri,driver,False,"I'm struggling a bit picking up the throttle through turn 3 just gives the clock that bit of understeer, entry stability is okay there now. 0:11.6",Monaco,False
13:07,LAW,Lawson,driver,False,"Oh, that was close. 0:05",Monaco,False
13:13,HAD,Hadjar,driver,False,"Yeah, f***ed up. Yeah, it's still incredibly understeery there. And they're being 3 -4? Yeah, it's crazy. Okay, copy. 0:13.3",Monaco,False
13:16,RUS,Russell,driver,False,Oh 0:6.4,Monaco,False
13:18,BEA,Bearman,driver,False,"I'm sorry guys, it's the f***ing botamy. Are you okay? Yeah, oh my god, guys, I'm so sorry. I'm so sorry. Yeah, we'll get it fixed for Poliali, so I'm sure you're okay. 0:17.4",Monaco,False
13:28,LEC,Leclerc,driver,False,These brakes are horrendous! Horrendous! 0:6.8,Monaco,False
13:33,NOR,Norris,driver,False,I go to my way. I did all purpose 0:6.5,Monaco,False
13:33,HAM,Hamilton,driver,False,"Norris exaggerated it to the larger to 10 -15, trying to make it look like I'm looking in. Copy. 0:11.6",Monaco,False
13:35,LEC,Leclerc,driver,False,"I just had zero to zero feelings with this brake, it's unbelievable, the car is doing something different every time I got the brake, it really f***ed me up so much. 0:16.4",Monaco,False
12:20,HAM,Hamilton,driver,True,AUDIO ONLY,Pre-Season Testing,False
